1,Duong Hong Thang,thangb2203470@student.ctu.edu.vn,2004-04-06,12345,images.jpg
2,Nguyen Anh Kiet,kietb2203452@student.ctu.edu.vn,2004-04-07,1234,images.jpg
3,Vo Huynh Thien,thienb2203472@student.ctu.edu.vn,2004-04-08,12345,images.jpg
4,Le Hoang Gia Khanh,khanhb2203459@student.ctu.edu.vn,2004-04-09,123456,images.jpg
5,Mai Van Khanh,khanhb2203460@student.ctu.edu.vn,2004-04-10,123,images.jpg
6,Than Hong Duy,duyb2203440@student.ctu.edu.vn,2004-04-11,12345,images.jpg
7,Nguyen Phi Nhan,nhanb2203420@student.ctu.edu.vn,2004-04-12,1234567,images.jpg
8,Nguyen Thanh Da,dab2203415@student.ctu.edu.vn,2004-04-13,12345,images.jpg
9,Tran Nguyen Gia Bao,baob2203411@student.ctu.edu.vn,2004-04-14,123458,images.jpg
10,Nguyen Ngoc Chien,chienb2203412@student.ctu.edu.vn,2004-04-15,12345,images.jpg
